Autorita (základná);Datovanie (interval);Datovanie (popis);Dátum zasadania komisie;Integrita (názov celku);Integrita (počet diel);Integrita (poradové číslo);Inventárne číslo;Komisia;Kurátor;Materiál;Miery;Nadobudnuté;Názov (preferovaný);Názov (všetky);Organizácia;PID;Poznámka;Prírastkové číslo;Spôsob nadobudnutia;Stupeň pôvodnosti;Stupeň spracovania;Technika;Vlastník;Výtvarný druh;Značenie;Žáner
Fulla, Ľudovít;1938;20. storočie, 1. polovica, 1938;1.1.1954;;;;G 434;16. NK;Gregorová-Stachová, Lucia;papier, ručný, nažltlý;"výška 32.3 cm; šírka 38.8 cm; výška 40.2 cm; šírka 52.6 cm";1.1.1954;Výstava v Paríži;Výstava v Paríži | Exhibition in Paris (Preklad názvu);SNG;SVK:SNG.G_434;"POZN: Cena:viď kartu G 429

LIT:
Nové Slovensko : (ťažký) zrod moderného životného štýlu 1918 - 1949 = New Slovakia : (difficult) birth of the modern lifestyle 1918 - 1949. Bratislava : SNG, 2011, 271.";432/6;kúpa;originál;DEF;drevorez, farebný;Slovenská národná galéria, SNG;grafika, voľná;vpravo dole: Ľ.Fulla 1938;veduta
Fulla, Ľudovít;1944;20. storočie, 1. polovica, 1944;28.11.2003;;;;G 13268;KnTz;Gregorová-Stachová, Lucia;"drevo; papier";"výška 38.4 cm; šírka 30.0 cm";28.11.2003;Božské srdce;Božské srdce;SNG;SVK:SNG.G_13268;POZN: ;214/2005;dar;originál;;"drevorez; kolorovanie";Slovenská národná galéria, SNG;grafika, voľná;vpravo dole v platni: LF;
Fulla, Ľudovít;1945;20. storočie, 1. polovica, 1945;; 2 kresby na vianočné pohľadnice;;;KD 226;;Gregorová-Stachová, Lucia;kartón;"výška 31.8 cm; šírka 22.5 cm";1.1.1968;Traja králi;Traja králi | Mesto v zime;SNG;SVK:SNG.KD_226;POZN: 13/ vpr.dole:Fulla,vpr.v strede v obraze:Fulla;289;dar;originál;návrh;"pero; tuš";Slovenská národná galéria, SNG;kresba, prípravná;"vľavo hore: Vianočná dopisnica 1945; vpravo dole: ";
Fulla, Ľudovít;1957;20. storočie, 2. polovica, 1957;;ilustrácia ku knihe Janko Hraško a iné rozprávky, Bratislava, Mladé letá 1957;;;KD 281;;Gregorová-Stachová, Lucia;kartón;"výška 30.1 cm; šírka 21.2 cm";1.1.1968;Starček a trojruža;Starček a trojruža;SNG;SVK:SNG.KD_281;POZN: 13/Trojruža;344;dar;originál;DEF;"akvarel; tuš; pero";Slovenská národná galéria, SNG;kresba, funkčná, ilustrácia;"hore v strede: 1957; vpravo v strede: Fulla";
Fulla, Ľudovít;1948;20. storočie, 1. polovica, 1948;;;;;KD 395;;Gregorová-Stachová, Lucia;kartón;"výška 32.9 cm; šírka 44.7 cm; výška 22.0 cm; šírka 32.0 cm";1.1.1969;Zátišie s krčahom;Zátišie s krčahom;SNG;SVK:SNG.KD_395;POZN: 9/ spodná kresba ceruzkou    štúdia k obrazu Zátišie s krčahom;486;dar;originál;štúdia;"tempera; ceruza";Slovenská národná galéria, SNG;kresba, prípravná;"v����avo dole: Fulla 1948; vpravo dole: Fulla 1948";zátišie
Fulla, Ľudovít;1946;20. storočie, 1. polovica, 1946;;;;;KD 407;;Gregorová-Stachová, Lucia;kartón;"výška 24.3 cm; šírka 28.4 cm; výška 17.0 cm; šírka 23.1 cm";1.1.1969;Opustený dom;Opustený dom;SNG;SVK:SNG.KD_407;POZN: 13/ Opustený dom, štúdia k rovnomennému obrazu;498;dar;originál;štúdia;akvarel;Slovenská národná galéria, SNG;kresba, prípravná;"vpravo dole: Fulla 1946; v strede pod obrazom: ";
Fulla, Ľudovít;1947;20. storočie, 1. polovica, 1947;;;;;KD 411;;Gregorová-Stachová, Lucia;kartón;"výška 36.4 cm; šírka 27.8 cm; výška 31.1 cm; šírka 22.9 cm";1.1.1969;Slovenská nevesta II.;Slovenská nevesta II.;SNG;SVK:SNG.KD_411;POZN: 12/variant štúdie k obrazu   9/tuš,zlatá fólia  štúdia k rovnomennému obrazu;502;dar;originál;štúdia;"akvarel; ceruza";Slovenská národná galéria, SNG;kresba, voľná;"vpravo hore: Fulla 1947, prvá I.; vpravo dole: Fulla 1947";figurálna kompozícia
Fulla, Ľudovít;1920 - 1930;20. storočie, 1. polovica, 1930 pred;;;;;KD 414;;Gregorová-Stachová, Lucia;kartón;"výška 31.7 cm; šírka 24.7 cm; výška 28.0 cm; šírka 23.1 cm";;Balóny;Balóny;SNG;SVK:SNG.KD_414;POZN: 9/ akvarel   štúdia k rovnomennému obrazu z r.1969;505;;originál;štúdia;akvarel;Slovenská národná galéria, SNG;kresba, prípravná;neznačené;
Fulla, Ľudovít;1921 - 1941;20. storočie, 1. polovica, 1931 okolo;;;;;O 22;;Bajcurová, Katarína;plátno;"výška 50.2 cm; šírka 60.3 cm";1.2.1950;Zimný motív;Zimný motív | Winter Motif (Preklad názvu);SNG;SVK:SNG.O_22;POZN: ;9;prevod;originál;DEF;olej;Slovenská národná galéria, SNG;maliarstvo, obraz závesný;vpravo dole: LF;krajina s dedinským motívom | zimná krajina
Fulla, Ľudovít;1934;20. storočie, 1. polovica, 1934;;;;;O 23;;Bajcurová, Katarína;"preglejka; plátno";"výška 50.0 cm; šírka 23.0 cm";1.2.1950;Blumentálsky kostol;Blumentálsky kostol | Blumental Church (Preklad názvu);SNG;SVK:SNG.O_23;POZN: ;9;prevod;originál;DEF;olej;Slovenská národná galéria, SNG;maliarstvo, obraz závesný;vpravo dole: Fulla 1934;veduta
Fulla, Ľudovít;1938 - 1958;20. storočie, polovica, 1948 okolo;;;;;O 24;;Bajcurová, Katarína;kartón;"výška 35.0 cm; šírka 49.7 cm";1.2.1950;Dedinka;Dedinka | Hamlet (Preklad názvu);SNG;SVK:SNG.O_24;POZN: ;9;prevod;originál;DEF;tempera;Slovenská národná galéria, SNG;maliarstvo, obraz závesný;vpravo dole: Fulla;krajina s dedinským motívom
Fulla, Ľudovít;1930;20. storočie, 1. polovica, 1930;;;;;O 137;;Bajcurová, Katarína;plátno;"výška 70.5 cm; šírka 80.0 cm";28.3.1950;Rybári;Rybári | Fishermen (Preklad názvu);SNG;SVK:SNG.O_137;POZN: ;10;prevod;originál;DEF;olej;Slovenská národná galéria, SNG;maliarstvo, obraz závesný;neznačené;figurálna kompozícia
Fulla, Ľudovít;1930;20. storočie, 1. polovica, 1930;;;;;O 138;;Bajcurová, Katarína;plátno;"výška 55.3 cm; šírka 46.3 cm";28.3.1950;Podobizeň P.P.;Podobizeň P.P. | Portrait of P.P. (Preklad názvu);SNG;SVK:SNG.O_138;POZN: ;10;prevod;originál;DEF;olej;Slovenská národná galéria, SNG;maliarstvo, obraz závesný;vpravo hore: LF 30;mužský portrét
Fulla, Ľudovít;1935;20. storočie, 1. polovica, 1935;;;;;O 496;;Bajcurová, Katarína;plátno;"výška 49.0 cm; šírka 61.5 cm";19.5.1952;Bardejovský kostol;Bardejovský kostol | Bardejov Church (Preklad názvu);SNG;SVK:SNG.O_496;POZN: ;134;prevod;originál;DEF;olej;Slovenská národná galéria, SNG;maliarstvo, obraz závesný;vpravo hore: Fulla;veduta
Fulla, Ľudovít;1933;20. storočie, 1. polovica, 1933;;;;;O 772;;Bajcurová, Katarína;plátno;"výška 50.1 cm; šírka 70.3 cm";11.11.1954;Kráľova hoľa;Kráľova hoľa | Kráľova hoľa (Preklad názvu);SNG;SVK:SNG.O_772;POZN: ;470;prevod;originál;DEF;olej;Slovenská národná galéria, SNG;maliarstvo, obraz závesný;"vpravo dole: Fulla; na rube plátna: Fulla 1933";krajina
Fulla, Ľudovít;1929;20. storočie, 1. polovica, 1929;13.2.1957;;;;O 1223;25. NK;Bajcurová, Katarína;plátno;"výška 80.5 cm; šírka 70.5 cm";13.2.1957;Madona s anjelom;Madona s anjelom | Madonna with Angel  (Preklad názvu);SNG;SVK:SNG.O_1223;"POZN: 

LIT:
Slovenský obraz (anti-obraz) : 20.st. v slovenskom výtvarnom umení. Bratislava : SNG, 2008, 266.";1047;kúpa;originál;DEF;olej;Slovenská národná galéria, SNG;maliarstvo, obraz závesný;neznačené;figurálna kompozícia | náboženský motív
Fulla, Ľudovít;1927;20. storočie, 1. polovica, 1927;22.11.1957;;;;O 1290;28. NK;Bajcurová, Katarína;plátno;"výška 70.5 cm; šírka 80.0 cm";22.11.1957;Námesačná;Námesačná | Somnambulant (Preklad názvu);SNG;SVK:SNG.O_1290;POZN: ;1172;kúpa;originál;DEF;olej;Slovenská národná galéria, SNG;maliarstvo, obraz závesný;vpravo dole: LF;figurálna kompozícia | rozprávkový motív
Fulla, Ľudovít;1934;20. storočie, 1. polovica, 1934;22.11.1957;;;;O 1291;28. NK;Bajcurová, Katarína;"preglejka; plátno";"výška 34.2 cm; šírka 40.0 cm";22.11.1957;Krajina z Donovalov;Krajina z Donovalov | Landscape from Donovaly (Preklad názvu);SNG;SVK:SNG.O_1291;POZN: ;1172;kúpa;originál;DEF;olej;Slovenská národná galéria, SNG;maliarstvo, obraz závesný;vľavo dole: Fulla;horská krajina
Fulla, Ľudovít;1947 - 1948;20. storočie, 1. polovica, 1947-1948 okolo;21.4.1958;;;;O 1457;30. NK;Bajcurová, Katarína;plátno;"výška 17.5 cm; šírka 10.2 cm";21.4.1958;Družba;Družba | Best Man (Preklad názvu);SNG;SVK:SNG.O_1457;POZN: ;1412;kúpa;originál;DEF;olej;Slovenská národná galéria, SNG;maliarstvo, obraz závesný;vpravo dole: Fulla;figurálna kompozícia
Fulla, Ľudovít;1946;20. storočie, polovica, 1946;12.10.1959;;;;O 1773;34. NK;Bajcurová, Katarína;plátno;"výška 60.0 cm; šírka 150.5 cm";12.10.1959;Slovenská svadba;Slovenská svadba | Slovak Wedding (Preklad názvu);SNG;SVK:SNG.O_1773;POZN: ;2355;kúpa;originál;DEF;olej;Slovenská národná galéria, SNG;maliarstvo, obraz závesný;vpravo dole: Fulla;figurálna kompozícia s dedinským motívom
Fulla, Ľudovít;1949;20. storočie, polovica, 1949;;;;;O 1926;;Bajcurová, Katarína;plátno;"výška 60.0 cm; šírka 45.5 cm";20.4.1961;Slovenské dievča;Slovenské dievča | Slovak Girl (Preklad názvu);SNG;SVK:SNG.O_1926;POZN: ;2541;prevod;originál;DEF;olej;Slovenská národná galéria, SNG;maliarstvo;v strede vľavo: Fulla 1949;figurálna kompozícia so zátiším
Fulla, Ľudovít;1930;20. storočie, 1. polovica, 1930;;;;;O 1927;;Bajcurová, Katarína;plátno;"výška 70.0 cm; šírka 80.0 cm";20.4.1961;Devín;Devín | Devín Castle (Preklad názvu);SNG;SVK:SNG.O_1927;POZN: ;2542;prevod;originál;DEF;olej;Slovenská národná galéria, SNG;maliarstvo;"vpravo dole: LF; vľavo dole: 30";krajina s architektonickým motívom
Fulla, Ľudovít;1930;20. storočie, 1. polovica, 1930;3.10.1961;;;;O 2144;46. NK;Bajcurová, Katarína;plátno;"výška 70.1 cm; šírka 79.8 cm";3.10.1961;Spomienky na Benátky;Spomienky na Benátky | Memeroy of Venice (Preklad názvu);SNG;SVK:SNG.O_2144;"POZN: 

LIT:
Nové Slovensko : (ťažký) zrod moderného životného štýlu 1918 - 1949 = New Slovakia : (difficult) birth of the modern lifestyle 1918 - 1949. Bratislava : SNG, 2011, 271.";3082;kúpa;originál;DEF;olej;Slovenská národná galéria, SNG;maliarstvo;"vpravo hore: LF; vľavo hore: 30";krajina s abstraktnou kompozíciou
Fulla, Ľudovít;1959;20. storočie, 2. polovica, 1959;27.12.1961;;;;O 2211;48. NK;Bajcurová, Katarína;plátno;"výška 140.0 cm; šírka 200.0 cm";27.12.1961;Prvý máj;Prvý máj | May Day (Preklad názvu);SNG;SVK:SNG.O_2211;POZN: ;3321;kúpa;originál;DEF;olej;Slovenská národná galéria, SNG;maliarstvo;vpravo dole: Fulla 1959;figurálna kompozícia | mestská veduta s figurálnou štafážou
Fulla, Ľudovít;1946;20. storočie, polovica, 1946;;;;;O 2286;;Bajcurová, Katarína;plátno;"výška 59.5 cm; šírka 100.7 cm";4.6.1962;Jar v poli;Jar v poli | Spring in the Field (Preklad názvu);SNG;SVK:SNG.O_2286;"POZN: 

LIT:
Prerušená pieseň : umenie socialistického realizmu 1948-1956. Bratislava : Slovenská národná galéria, 2012, 133.";3521;prevod;originál;DEF;olej;Slovenská národná galéria, SNG;maliarstvo;vpravo dole: Fulla;krajina s figurálno-animálnou kompozíciou
Fulla, Ľudovít;1949;20. storočie, polovica, 1949;;;;;O 2489;;Bajcurová, Katarína;plátno;"výška 85.0 cm; šírka 100.0 cm";31.8.1963;Vyberanie zemiakov;Vyberanie zemiakov | Picking Potatoes (Preklad názvu);SNG;SVK:SNG.O_2489;POZN: ;4015;prevod;originál;DEF;olej;Slovenská národná galéria, SNG;maliarstvo;vpravo v strede šikmo: Fulla 1949;figurálna kompozícia s pracovným motívom
Fulla, Ľudovít;1964;20. storočie, 2. polovica, 1964;27.11.1964;;;;O 2769;59. NK;Bajcurová, Katarína;plátno;"výška 91.0 cm; šírka 50.0 cm";27.11.1964;Na pamäť slovenským matkám v povstaní;Na pamäť slovenským matkám v povstaní | In the Memory of the Slovak Mothers in the Uprising (Preklad názvu);SNG;SVK:SNG.O_2769;POZN: ;5178;kúpa;originál;DEF;tempera;Slovenská národná galéria, SNG;maliarstvo, obraz závesný;vpravo dole: Fulla 1964;alegorická kompozícia s figurálnym motívom
Fulla, Ľudovít;1927;20. storočie, 1. polovica, 1927;7.7.1965;;;;O 2861;62. NK;Bajcurová, Katarína;lepenka, maliarska;"výška 45.8 cm; šírka 56.0 cm";7.7.1965;Zátišie so šachovnicou;Zátišie so šachovnicou | Still Life with a Chessboard (Preklad názvu);SNG;SVK:SNG.O_2861;POZN: ;5677;kúpa;originál;DEF;olej;Slovenská národná galéria, SNG;maliarstvo;vpravo dole: Fulla 1927;zátišie
Fulla, Ľudovít - autor návrhu | Ústředí uměleckých řemesel - výrobca;1957 - 1977;20. storočie, 2. polovica, 1967 okolo;;;;;O 3403;;Bajcurová, Katarína;"kov; sklo";"výška 185.0 cm; šírka 135.0 cm";16.10.1968;Spomienka na Východnú;Spomienka na Východnú | Memories of Východná (Preklad názvu);SNG;SVK:SNG.O_3403;POZN: Sklenená mozaika pre GĽF. Mozaiku podľa návrhu Ľ. Fullu vyhotovilo Ústředí uměleckých řemesel, Praha 2, Myslíkova 6.;8223;kúpa;originál;DEF;mozaika;Slovenská národná galéria, SNG;maliarstvo, mozaika;neznačené;
Fulla, Ľudovít;1928;20. storočie, 1. polovica, 1928;;;;;O 5280;;Bajcurová, Katarína;plátno;"výška 115.0 cm; šírka 130.0 cm";23.5.1975;Revúcka rodina;Revúcka rodina | Family from Revúca (Preklad názvu);SNG;SVK:SNG.O_5280;POZN: ;17617;prevod;originál;DEF;olej;Slovenská národná galéria, SNG;maliarstvo;vpravo dole: LF;figurálna kompozícia s dedinským motívom
Fulla, Ľudovít;1931;20. storočie, 1. polovica, 1931;;;;;O 5283;;Bajcurová, Katarína;plátno;"výška 40.0 cm; šírka 35.0 cm";23.5.1975;Dievča zo Ždiaru;Dievča zo Ždiaru | Girl from Ždiar (Preklad názvu);SNG;SVK:SNG.O_5283;POZN: ;17620;prevod;originál;DEF;olej;Slovenská národná galéria, SNG;maliarstvo;vpravo dole: LF;ženský portrét
Fulla, Ľudovít;1952;20. storočie, polovica, 1952;8.10.1980;;;;O 5755;142. NK;Bajcurová, Katarína;plátno;"výška 45.5 cm; šírka 60.5 cm";8.10.1980;Krajina;Krajina | Landscape (Preklad názvu);SNG;SVK:SNG.O_5755;"POZN: 

LIT:
Prerušená pieseň : umenie socialistického realizmu 1948-1956. Bratislava : Slovenská národná galéria, 2012, 141.";22884;kúpa;originál;DEF;olej;Slovenská národná galéria, SNG;maliarstvo;vpravo dole: Fulla 1952;krajina
Fulla, Ľudovít;1928;20. storočie, 1. polovica, 1928;11.5.1989;;;;O 6544;188. NK;Bajcurová, Katarína;plátno;"výška 60.0 cm; šírka 70.0 cm";11.5.1989;Rybičky;"Rybičky | Ryby na stole; Fish (Fish on the Table) (Preklad názvu)";SNG;SVK:SNG.O_6544;POZN: správny názov Ryby na stole;423/89;kúpa;originál;DEF;olej;Slovenská národná galéria, SNG;maliarstvo, obraz závesný;vpravo dole: LF;zátišie
Fulla, Ľudovít;1915 - 1935;20. storočie, 1. polovica, 1925 okolo;28.11.2005;;;;O 6885;NK v roku 2005;Bajcurová, Katarína;plátno;"výška 80.1 cm; šírka 55.0 cm";28.11.2005;Akt muža a akt ženy;Akt muža a akt ženy | Male Nude and Female Nude (Preklad názvu);SNG;SVK:SNG.O_6885;POZN: Ľ. Fulla (1902-1980);216/2005;dar;originál;štúdia;olej;Slovenská národná galéria, SNG;maliarstvo, obraz závesný;neznačené;akt
Fulla, Ľudovít;1934 - 1954;20. storočie, 1. polovica, 1944 okolo;28.11.2005;;;;O 6886;NK v roku 2005;Bajcurová, Katarína;plátno;"výška 60.0 cm; šírka 42.0 cm";28.11.2005;Šuhaj v kroji;Šuhaj v kroji | Swain in Folk Costume (Preklad názvu);SNG;SVK:SNG.O_6886;POZN: ;215/2005;dar;originál;štúdia;olej;Slovenská národná galéria, SNG;maliarstvo, obraz závesný;neznačené;figurálna kompozícia | folklórny motív
Fulla, Ľudovít;1927;20. storočie, 1. polovica, 1927;;;;;OP 1;;Bajcurová, Katarína;plátno;"výška 150.0 cm; šírka 59.5 cm";1.1.1969;Dievča z Osady;Dievča z Osady;SNG;SVK:SNG.OP_1;POZN: ;1;dar;originál;DEF;olej;Slovenská národná galéria, SNG;maliarstvo;vpravo dole: Fulla;figurálna kompozícia
Fulla, Ľudovít;1929;20. storočie, 1. polovica, 1929;;;;;OP 2;;Bajcurová, Katarína;plátno;"výška 71.0 cm; šírka 80.3 cm";1.1.1969;Predmestie;Predmestie | Suburb (Preklad názvu);SNG;SVK:SNG.OP_2;"POZN: 

LIT:
Nové Slovensko : (ťažký) zrod moderného životného štýlu 1918 - 1949 = New Slovakia : (difficult) birth of the modern lifestyle 1918 - 1949. Bratislava : SNG, 2011, 275.";2;dar;originál;DEF;olej;Slovenská národná galéria, SNG;maliarstvo;vpravo dole: LF;konštruktivistická kompozícia | krajina s abstraktnou kompozíciou
Fulla, Ľudovít;1929;20. storočie, 1. polovica, 1929;;;;;OP 3;;Bajcurová, Katarína;plátno;"výška 70.3 cm; šírka 80.2 cm";1.1.1969;Deti pri mori;Deti pri mori;SNG;SVK:SNG.OP_3;POZN: Dve deti;3;dar;originál;DEF;olej;Slovenská národná galéria, SNG;maliarstvo, obraz závesný;neznačené;figurálna kompozícia
Fulla, Ľudovít;1929 - 1930;20. storočie, 1. polovica, 1929-1930;;;;;OP 4;;Bajcurová, Katarína;preglejka;"výška 40.8 cm; šírka 44.0 cm";1.1.1969;Abstraktná kompozícia;Abstraktná kompozícia | Abstract Composition  (Preklad názvu);SNG;SVK:SNG.OP_4;"POZN: 

LIT:
Nové Slovensko : (ťažký) zrod moderného životného štýlu 1918 - 1949 = New Slovakia : (difficult) birth of the modern lifestyle 1918 - 1949. Bratislava : SNG, 2011, 275.";4;dar;originál;DEF;olej;Slovenská národná galéria, SNG;maliarstvo, obraz závesný;neznačené;geometrická kompozícia
Fulla, Ľudovít;1930;20. storočie, 1. polovica, 1930;;;;;OP 5;;Bajcurová, Katarína;plátno;"výška 53.7 cm; šírka 54.3 cm";1.1.1969;Hračky;Hračky;SNG;SVK:SNG.OP_5;POZN: ;5;dar;originál;DEF;olej;Slovenská národná galéria, SNG;maliarstvo;vpravo hore: LF 30;architektonický motív s figuálnym motívom
Fulla, Ľudovít;1930;20. storočie, 1. polovica, 1930;;;;;OP 6;;Bajcurová, Katarína;plátno;"výška 80.1 cm; šírka 70.3 cm";1.1.1969;Letné ráno;Letné ráno | Kvetiny;SNG;SVK:SNG.OP_6;POZN: Pozn.2/ Kvetiny;6;dar;originál;DEF;olej;Slovenská národná galéria, SNG;maliarstvo;vpravo dole: LF 30;zátišie s vegetatívnym motívom
Fulla, Ľudovít;1930;20. storočie, 1. polovica, 1930;;;;;OP 7;;Bajcurová, Katarína;plátno;"výška 40.0 cm; šírka 33.5 cm";1.1.1969;Balóny;Balóny | Balloons (Preklad názvu);SNG;SVK:SNG.OP_7;"POZN: 

LIT:
Nové Slovensko : (ťažký) zrod moderného životného štýlu 1918 - 1949 = New Slovakia : (difficult) birth of the modern lifestyle 1918 - 1949. Bratislava : SNG, 2011, 275.";7;dar;originál;DEF;olej;Slovenská národná galéria, SNG;maliarstvo;vpravo dole: Fulla;abstraktná kompozícia | krajina
Fulla, Ľudovít;1932;20. storočie, 1. polovica, 1932;;;;;OP 8;;Bajcurová, Katarína;plátno;"výška 90.0 cm; šírka 110.3 cm";1.1.1969;Požehnanie statku;Požehnanie statku | Blessig the Herd  (Preklad názvu);SNG;SVK:SNG.OP_8;"POZN: 

LIT:
111 diel zo zbierok. Slovenská národná galéria. Bratislava : SNG, Vyd. Slovart, 2008. 277 s. ISBN 9788080856014(viaz.), 174.";8;dar;originál;DEF;olej;Slovenská národná galéria, SNG;maliarstvo;vľavo dole: LF;figurálna kompozícia | dedinský motív
Fulla, Ľudovít;1934;20. storočie, 1. polovica, 1934;;;;;OP 9;;Bajcurová, Katarína;plátno;"výška 79.0 cm; šírka 57.9 cm";1.1.1969;Podobizeň umelcovej manželky;Podobizeň umelcovej manželky;SNG;SVK:SNG.OP_9;POZN: ;9;dar;originál;DEF;olej;Slovenská národná galéria, SNG;maliarstvo;vpravo dole: Fulla;portrét | ženský portrét
Fulla, Ľudovít;1934 - 1935;20. storočie, 1. polovica, 1934-1935;;;;;OP 10;;Bajcurová, Katarína;plátno;"výška 165.0 cm; šírka 200.5 cm";1.1.1969;Pieseň a práca;Pieseň a práca | Song and Labour (Preklad názvu);SNG;SVK:SNG.OP_10;"POZN: 

LIT:
111 diel zo zbierok. Slovenská národná galéria. Bratislava : SNG, Vyd. Slovart, 2008. 277 s. ISBN 9788080856014(viaz.), 174-175.";10;dar;originál;DEF;olej;Slovenská národná galéria, SNG;maliarstvo;vľavo dole: Fulla;pracovný motív | alegorická kompozícia | dedinský motív
Fulla, Ľudovít;1937;20. storočie, 1. polovica, 1937;;;;;OP 11;;Bajcurová, Katarína;kartón;"výška 29.0 cm; šírka 36.0 cm";1.1.1969;Deti v lese;Deti v lese;SNG;SVK:SNG.OP_11;POZN: ;11;dar;originál;DEF;tempera;Slovenská národná galéria, SNG;maliarstvo;vľavo dole: Fulla;krajina s figurálnou štafážou
Fulla, Ľudovít;1931 - 1951;20. storočie, 1. polovica, 1941 okolo;;;;;OP 12;;Bajcurová, Katarína;plátno;"výška 85.5 cm; šírka 140.0 cm";1.1.1969;Zimná Bratislava;Zimná Bratislava;SNG;SVK:SNG.OP_12;POZN: ;12;dar;originál;DEF;olej;Slovenská národná galéria, SNG;maliarstvo, obraz závesný;vpravo dole: Fulla;veduta
Fulla, Ľudovít;1942;20. storočie, 1. polovica, 1942;;;;;OP 13;;Bajcurová, Katarína;drevo;"výška 55.0 cm; šírka 35.0 cm";1.1.1969;Malé ukrižovanie;Malé ukrižovanie;SNG;SVK:SNG.OP_13;POZN: ;13;dar;originál;DEF;"tempera; olej";Slovenská národná galéria, SNG;maliarstvo;vpravo dole: Fulla;figurálna kompozícia | náboženský motív
Fulla, Ľudovít;1946;20. storočie, 1. polovica, 1946;;;;;OP 14;;Bajcurová, Katarína;plátno;"výška 110.0 cm; šírka 70.0 cm";1.1.1969;Madona s anjelmi;Madona s anjelmi;SNG;SVK:SNG.OP_14;POZN: Pozn. 2/Medovníková madona;14;dar;originál;DEF;"tempera; olej";Slovenská národná galéria, SNG;maliarstvo;vpravo dole: XI.1946;figurálna kompozícia
Fulla, Ľudovít;1934;20. storočie, 1. polovica, 1934;;;;;OP 15;;Bajcurová, Katarína;kartón;"výška 33.0 cm; šírka 49.0 cm";1.1.1969;Blumentálsky kostol;Blumentálsky kostol;SNG;SVK:SNG.OP_15;POZN: ;15;dar;originál;DEF;tempera;Slovenská národná galéria, SNG;maliarstvo;vpravo dole: Fulla 1934;veduta
Fulla, Ľudovít;1946;20. storočie, 1. polovica, 1946;;;;;OP 16;;Bajcurová, Katarína;plátno;"výška 60.0 cm; šírka 100.6 cm";1.1.1969;Krajina s jazdcom;Krajina s jazdcom;SNG;SVK:SNG.OP_16;POZN: ;16;dar;originál;DEF;olej;Slovenská národná galéria, SNG;maliarstvo;vpravo dole: Fulla;krajina s figurálnym motívom
Fulla, Ľudovít;1946;20. storočie, 1. polovica, 1946;;;;;OP 17;;Bajcurová, Katarína;preglejka;"výška 87.3 cm; šírka 63.0 cm";1.1.1969;Družba;Družba;SNG;SVK:SNG.OP_17;POZN: ;17;dar;originál;DEF;"olej; tempera";Slovenská národná galéria, SNG;maliarstvo;vpravo dole: Fulla XI.1946;figurálna kompozícia | folklórny motív
Fulla, Ľudovít;1947;20. storočie, 1. polovica, 1947;;;;;OP 18;;Bajcurová, Katarína;plátno;"výška 85.3 cm; šírka 60.0 cm";1.1.1969;Družica;Družica;SNG;SVK:SNG.OP_18;POZN: ;18;dar;originál;DEF;olej;Slovenská národná galéria, SNG;maliarstvo;vpravo dole: Fulla;figurálna kompozícia | folklórny motív
Fulla, Ľudovít;1947;20. storočie, 1. polovica, 1947;;;;;OP 19;;Bajcurová, Katarína;plátno;"výška 60.2 cm; šírka 45.2 cm";1.1.1969;Zemplínčanka;Zemplínčanka;SNG;SVK:SNG.OP_19;POZN: ;19;dar;originál;DEF;olej;Slovenská národná galéria, SNG;maliarstvo;vľavo dole: Fulla;figurálna kompozícia
Fulla, Ľudovít;1947;20. storočie, 1. polovica, 1947;;;;;OP 20;;Bajcurová, Katarína;plátno;"výška 150.3 cm; šírka 105.3 cm";1.1.1969;Rysavá jalovica;Rysavá jalovica;SNG;SVK:SNG.OP_20;POZN: ;20;dar;originál;DEF;olej;Slovenská národná galéria, SNG;maliarstvo;v strede dole: Fulla VI.1947;figurálna kompozícia
Fulla, Ľudovít;1948;20. storočie, polovica, 1948;;;;;OP 22;;Bajcurová, Katarína;plátno;"výška 165.0 cm; šírka 110.5 cm";1.1.1969;Jánošík na bielom koni;Jánošík na bielom koni;SNG;SVK:SNG.OP_22;POZN: ;22;dar;originál;DEF;olej;Slovenská národná galéria, SNG;maliarstvo;vpravo dole: Fulla;figurálna kompozícia
Fulla, Ľudovít;1949;20. storočie, polovica, 1949;;;;;OP 23;;Bajcurová, Katarína;plátno;"výška 150.0 cm; šírka 100.0 cm";1.1.1969;Slovenská nevesta;Slovenská nevesta;SNG;SVK:SNG.OP_23;POZN: ;23;dar;originál;DEF;olej;Slovenská národná galéria, SNG;maliarstvo;vpravo dole: Fulla 1949;figurálna kompozícia
Fulla, Ľudovít;1949 - 1950;20. storočie, polovica, 1949-1950;;;;;OP 24;;Bajcurová, Katarína;plátno;"výška 100.5 cm; šírka 79.9 cm";1.1.1969;Mamka zo Sedikartu;Mamka zo Sedikartu;SNG;SVK:SNG.OP_24;POZN: ;24;dar;originál;DEF;olej;Slovenská národná galéria, SNG;maliarstvo;vpravo dole: Fulla;figurálna kompozícia
Fulla, Ľudovít;1950;20. storočie, polovica, 1950;;;;;OP 26;;Bajcurová, Katarína;plátno;"výška 90.0 cm; šírka 60.0 cm";1.1.1969;Portrét umelcovej manželky;Portrét umelcovej manželky;SNG;SVK:SNG.OP_26;POZN: ;26;dar;originál;DEF;olej;Slovenská národná galéria, SNG;maliarstvo;vľavo dole: Fulla  1950;portrét | ženský portrét
Fulla, Ľudovít;1951;20. storočie, polovica, 1951;;;;;OP 27;;Bajcurová, Katarína;plátno;"výška 60.0 cm; šírka 41.3 cm";1.1.1969;Žena z Tulčíka;Žena z Tulčíka;SNG;SVK:SNG.OP_27;POZN: ;27;dar;originál;DEF;olej;Slovenská národná galéria, SNG;maliarstvo;vpravo dole: Fulla 1951;figurálna kompozícia
Fulla, Ľudovít;1956;20. storočie, 2. polovica, 1956;;;;;OP 29;;Bajcurová, Katarína;plátno;"výška 80.0 cm; šírka 100.0 cm";1.1.1969;Jánošík ochranca chudoby;Jánošík ochranca chudoby;SNG;SVK:SNG.OP_29;POZN: ;29;dar;originál;DEF;olej;Slovenská národná galéria, SNG;maliarstvo;vpravo dole: Fulla 1956;figurálna kompozícia
Fulla, Ľudovít;1958;20. storočie, 2. polovica, 1958;;Stredná časť triptychu pre Československý pavilón na EXPO 58 v Bruseli;;;OP 30;;Bajcurová, Katarína;plátno;"výška 90.0 cm; šírka 150.5 cm";1.1.1969;Roľnícka svadba;Roľnícka svadba;SNG;SVK:SNG.OP_30;POZN: ;30;dar;originál;DEF;olej;Slovenská národná galéria, SNG;maliarstvo;vpravo dole: Fulla;figurálna kompozícia
Fulla, Ľudovít;1958;20. storočie, 2. polovica, 1958;;;;;OP 31;;Bajcurová, Katarína;plátno;"výška 45.3 cm; šírka 60.3 cm";1.1.1969;Rozprávka;Rozprávka;SNG;SVK:SNG.OP_31;POZN: ;31;dar;originál;DEF;olej;Slovenská národná galéria, SNG;maliarstvo;vpravo dole: Fulla;krajina | rozprávkový motív
Fulla, Ľudovít;1958;20. storočie, 2. polovica, 1958;;;;;OP 32;;Bajcurová, Katarína;plátno;"výška 100.5 cm; šírka 150.3 cm";1.1.1969;Maliar a model;Maliar a model | Painter and Model  (Preklad názvu);SNG;SVK:SNG.OP_32;"POZN: 

LIT:
Holé baby. Bratislava : Slovenská národná galéria, 2010, 16.";32;dar;originál;DEF;olej;Slovenská národná galéria, SNG;maliarstvo;vpravo dole: Fulla 1958;figurálna kompozícia
Fulla, Ľudovít;1958;20. storočie, 2. polovica, 1958;;;;;OP 33;;Bajcurová, Katarína;plátno;"výška 33.3 cm; šírka 60.3 cm";1.1.1969;Zátišie s mlynčekom;Zátišie s mlynčekom;SNG;SVK:SNG.OP_33;POZN: ;33;dar;originál;DEF;olej;Slovenská národná galéria, SNG;maliarstvo;vpravo dole: Fulla;zátišie
Fulla, Ľudovít;1949 - 1969;20. storočie, 2. polovica, 1959 okolo;;variant strednej časti triptychu pre Československý pavilón EXPO 58 v Bruseli;;;OP 35;;Bajcurová, Katarína;plátno;"výška 190.3 cm; šírka 310.0 cm";1.1.1969;Roľnícka svadba;Roľnícka svadba;SNG;SVK:SNG.OP_35;POZN: ;35;dar;originál;návrh;olej;Slovenská národná galéria, SNG;maliarstvo;vpravo dole: Fulla;figurálna kompozícia
Fulla, Ľudovít;1959 - 1960;20. storočie, 2. polovica, 1959-1960 okolo;;;;;OP 36;;Bajcurová, Katarína;plátno;"výška 75.0 cm; šírka 45.2 cm";1.1.1969;Stolička;Stolička;SNG;SVK:SNG.OP_36;POZN: ;36;dar;originál;DEF;olej;Slovenská národná galéria, SNG;maliarstvo;neznačené;zátišie
Fulla, Ľudovít;1960;20. storočie, 2. polovica, 1960;;;;;OP 37;;Bajcurová, Katarína;plátno;"výška 100.0 cm; šírka 150.0 cm";1.1.1969;Zuzana a starci;Zuzana a starci;SNG;SVK:SNG.OP_37;POZN: ;37;dar;originál;DEF;olej;Slovenská národná galéria, SNG;maliarstvo, obraz závesný;vpravo dole: Fulla 1960;figurálna kompozícia
Fulla, Ľudovít;1960;20. storočie, 2. polovica, 1960;;;;;OP 38;;Bajcurová, Katarína;plátno;"výška 97.0 cm; šírka 140.0 cm";1.1.1969;Zima za mestom;Zima za mestom;SNG;SVK:SNG.OP_38;POZN: Pozn.2/Zima na predmestí;38;dar;originál;DEF;olej;Slovenská národná galéria, SNG;maliarstvo, obraz závesný;vpravo dole: Fulla 1960;veduta s figurálnou kompozíciou
Fulla, Ľudovít;1962;20. storočie, 2. polovica, 1962;;;;;OP 39;;Bajcurová, Katarína;plátno;"výška 100.0 cm; šírka 280.0 cm";1.1.1969;Jánošík a jeho družina;Jánošík a jeho družina;SNG;SVK:SNG.OP_39;POZN: Návrh na mozaiku do závod.klubu národ.podniku Slovenka v Banskej Bystrici;39;dar;originál;DEF;olej;Slovenská národná galéria, SNG;maliarstvo, obraz závesný;vpravo dole: Fulla 1962;figurálna kompozícia
Fulla, Ľudovít;1971;20. storočie, 2. polovica, 1971;;;;;OP 40;;Bajcurová, Katarína;plátno;"výška 164.0 cm; šírka 255.0 cm";1.1.1977;Ateliér;Ateliér;SNG;SVK:SNG.OP_40;POZN: ;40;dar;originál;DEF;olej;Slovenská národná galéria, SNG;maliarstvo;vpravo dole: Fulla 1971;figurálna kompozícia
Fulla, Ľudovít;1970;20. storočie, 2. polovica, 1970;;;;;OP 41;;Bajcurová, Katarína;plátno;"výška 166.0 cm; šírka 200.0 cm";1.1.1977;Idyla slovenskej rodiny;Idyla slovenskej rodiny;SNG;SVK:SNG.OP_41;POZN: ;41;dar;originál;DEF;olej;Slovenská národná galéria, SNG;maliarstvo;vpravo dole: ;figurálna kompozícia
Fulla, Ľudovít;1969;20. storočie, 2. polovica, 1969;;;;;OP 42;;Bajcurová, Katarína;plátno;"výška 100.0 cm; šírka 130.0 cm";1.1.1977;Babky v Moravanoch;Babky v Moravanoch;SNG;SVK:SNG.OP_42;POZN: ;42;dar;originál;DEF;olej;Slovenská národná galéria, SNG;maliarstvo, obraz závesný;vpravo dole: Fulla 1969 I.;krajina s figurálnou štafážou | krajina s architektonickým motívom
Fulla, Ľudovít;1965;20. storočie, 2. polovica, 1965;;;;;OP 43;;Bajcurová, Katarína;plátno;"výška 97.0 cm; šírka 140.0 cm";1.1.1977;Zima v starej Žiline;Zima v starej Žiline;SNG;SVK:SNG.OP_43;POZN: ;43;dar;originál;DEF;olej;Slovenská národná galéria, SNG;maliarstvo, obraz závesný;"vpravo dole: Fulla 1965; v strede dole: dokončené v roku 1970";veduta s figurálnou štafážou
Fulla, Ľudovít;1970;20. storočie, 2. polovica, 1970;;;;;OP 44;;Bajcurová, Katarína;plátno;"výška 130.0 cm; šírka 85.0 cm";1.1.1977;Svitanie;Svitanie;SNG;SVK:SNG.OP_44;POZN: ;44;dar;originál;DEF;olej;Slovenská národná galéria, SNG;maliarstvo;vpravo dole: Fulla 1970;imaginatívna kompozícia
Fulla, Ľudovít;1970;20. storočie, 2. polovica, 1970;;;;;OP 45;;Bajcurová, Katarína;plátno;"výška 120.3 cm; šírka 150.0 cm";1.1.1977;Soľ nad zlato;Soľ nad zlato;SNG;SVK:SNG.OP_45;POZN: ;45;dar;originál;DEF;olej;Slovenská národná galéria, SNG;maliarstvo;vpravo dole: Fulla 1970;figurálna kompozícia
Fulla, Ľudovít;1970;20. storočie, 2. polovica, 1970;;;;;OP 46;;Bajcurová, Katarína;plátno;"výška 130.0 cm; šírka 80.0 cm";1.1.1977;Kvetinárka;Kvetinárka;SNG;SVK:SNG.OP_46;POZN: ;46;dar;originál;DEF;olej;Slovenská národná galéria, SNG;maliarstvo;vpravo dole: Fulla 1970;figurálna kompozícia
Fulla, Ľudovít;1970;20. storočie, 2. polovica, 1970;;;;;OP 47;;Bajcurová, Katarína;plátno;"výška 70.0 cm; šírka 41.0 cm";1.1.1977;Kvetinárka II.;Kvetinárka II.;SNG;SVK:SNG.OP_47;POZN: ;47;dar;originál;DEF;olej;Slovenská národná galéria, SNG;maliarstvo;neznačené;figurálna kompozícia
Fulla, Ľudovít;1969;20. storočie, 2. polovica, 1969;;;;;OP 48;;Bajcurová, Katarína;plátno;"výška 70.0 cm; šírka 45.0 cm";1.1.1977;Gazdiná;Gazdiná;SNG;SVK:SNG.OP_48;POZN: ;48;dar;originál;DEF;olej;Slovenská národná galéria, SNG;maliarstvo, obraz závesný;vpravo dole: Fulla;figurálna kompozícia
Fulla, Ľudovít;1968;20. storočie, 2. polovica, 1968;;;;;OP 50;;Bajcurová, Katarína;plátno;"výška 50.0 cm; šírka 60.0 cm";1.1.1977;Traja stavbári;Traja stavbári;SNG;SVK:SNG.OP_50;POZN: ;50;dar;originál;DEF;olej;Slovenská národná galéria, SNG;maliarstvo, obraz závesný;vpravo dole: Fulla;figurálna kompozícia
Fulla, Ľudovít;1967;20. storočie, 2. polovica, 1967;;;;;OP 51;;Bajcurová, Katarína;plátno;"výška 70.0 cm; šírka 50.0 cm";1.1.1977;Spomienka na Východnú;Spomienka na Východnú;SNG;SVK:SNG.OP_51;POZN: ;51;dar;originál;DEF;olej;Slovenská národná galéria, SNG;maliarstvo, obraz závesný;v strede dole: Fulla;figurálna kompozícia
Fulla, Ľudovít;1965;20. storočie, 2. polovica, 1965;;;;;OP 52;;Bajcurová, Katarína;plátno;"výška 60.0 cm; šírka 27.0 cm";1.1.1977;Výšivka;Výšivka;SNG;SVK:SNG.OP_52;POZN: ;52;dar;originál;DEF;olej;Slovenská národná galéria, SNG;maliarstvo, obraz závesný;"vľavo hore: Fulla; vpravo dole: Fulla";abstraktný motív
Fulla, Ľudovít;1967;20. storočie, 2. polovica, 1967;;;;;OP 53;;Bajcurová, Katarína;plátno;"výška 35.0 cm; šírka 41.0 cm";1.1.1977;Dvaja;Dvaja;SNG;SVK:SNG.OP_53;POZN: ;53;dar;originál;DEF;olej;Slovenská národná galéria, SNG;maliarstvo, obraz závesný;v strede dole: Fulla;krajina s architektonickým motívom s figurálnou kompozíciou
Fulla, Ľudovít;1970;20. storočie, 2. polovica, 1970;;;;;OP 54;;Bajcurová, Katarína;plátno;"výška 50.0 cm; šírka 41.0 cm";1.1.1977;V kaviarni;V kaviarni;SNG;SVK:SNG.OP_54;POZN: ;54;dar;originál;DEF;olej;Slovenská národná galéria, SNG;maliarstvo;vpravo dole: Fulla 1970;figurálna kompozícia
Fulla, Ľudovít;1966;20. storočie, 2. polovica, 1966;;;;;OP 55;;Bajcurová, Katarína;plátno;"výška 41.0 cm; šírka 54.0 cm";1.1.1977;Čebrať;Čebrať;SNG;SVK:SNG.OP_55;POZN: ;55;dar;originál;DEF;olej;Slovenská národná galéria, SNG;maliarstvo, obraz závesný;vpravo dole: Fulla;krajina s architektonickým motívom
Fulla, Ľudovít;1970;20. storočie, 2. polovica, 1970;;;;;OP 56;;Bajcurová, Katarína;plátno;"výška 55.0 cm; šírka 80.0 cm";1.1.1977;Na blšom trhu;Na blšom trhu;SNG;SVK:SNG.OP_56;POZN: ;56;dar;originál;DEF;olej;Slovenská národná galéria, SNG;maliarstvo;vpravo dole: Fulla 1970;abstraktná kompozícia
Fulla, Ľudovít;1970;20. storočie, 2. polovica, 1970;;;;;OP 57;;Bajcurová, Katarína;plátno;"výška 94.0 cm; šírka 70.0 cm";1.1.1977;Sediaci akt;Sediaci akt;SNG;SVK:SNG.OP_57;POZN: ;57;dar;originál;DEF;olej;Slovenská národná galéria, SNG;maliarstvo, obraz závesný;"vpravo hore: LF; vpravo dole: Fulla 1970";akt
Fulla, Ľudovít;1971;20. storočie, 2. polovica, 1971;;;;;OP 58;;Bajcurová, Katarína;plátno;"výška 94.0 cm; šírka 70.0 cm";1.1.1977;Stojaci akt;Stojaci akt;SNG;SVK:SNG.OP_58;POZN: ;58;dar;originál;DEF;olej;Slovenská národná galéria, SNG;maliarstvo;vpravo dole: Fulla 1970;akt
Fulla, Ľudovít;1971;20. storočie, 2. polovica, 1971;;;;;OP 59;;Bajcurová, Katarína;plátno;"výška 70.0 cm; šírka 80.0 cm";1.1.1977;Súmrak;Súmrak;SNG;SVK:SNG.OP_59;POZN: ;59;dar;originál;DEF;olej;Slovenská národná galéria, SNG;maliarstvo, obraz závesný;vpravo dole: Fulla 1971;krajina
Fulla, Ľudovít;1971;20. storočie, 2. polovica, 1971;;;;;OP 60;;Bajcurová, Katarína;plátno;"výška 65.0 cm; šírka 90.0 cm";1.1.1977;Zátišie;Zátišie;SNG;SVK:SNG.OP_60;POZN: ;60;dar;originál;DEF;olej;Slovenská národná galéria, SNG;maliarstvo;vpravo dole: Fulla 1971;zátišie
Fulla, Ľudovít;1974;20. storočie, 2. polovica, 1974;;;;;OP 62;;Bajcurová, Katarína;plátno;"výška 90.0 cm; šírka 120.0 cm";1.1.1977;V parku za sídliskom;V parku za sídliskom;SNG;SVK:SNG.OP_62;POZN: ;62;dar;originál;DEF;olej;Slovenská národná galéria, SNG;maliarstvo;vpravo dole: Fulla 1974;figurálna kompozícia
Fulla, Ľudovít;1972;20. storočie, 2. polovica, 1972;;;;;OP 63;;Bajcurová, Katarína;plátno;"výška 76.0 cm; šírka 105.0 cm";1.1.1977;Dom pri jazere;Dom pri jazere;SNG;SVK:SNG.OP_63;POZN: ;63;dar;originál;DEF;olej;Slovenská národná galéria, SNG;maliarstvo;vpravo dole: Fulla 1972;krajina s figurálnym motívom
Fulla, Ľudovít;1976;20. storočie, 2. polovica, 1976;;;;;OP 64;;Bajcurová, Katarína;plátno;"výška 76.0 cm; šírka 105.0 cm";1.1.1977;Na všetkých svätých;Na všetkých svätých;SNG;SVK:SNG.OP_64;POZN: ;64;dar;originál;DEF;olej;Slovenská národná galéria, SNG;maliarstvo;neznačené;krajina
Fulla, Ľudovít;1972;20. storočie, 2. polovica, 1972;;;;;OP 65;;Bajcurová, Katarína;plátno;"výška 130.0 cm; šírka 90.0 cm";1.1.1977;Dievča s mlynkom;Dievča s mlynkom;SNG;SVK:SNG.OP_65;POZN: ;65;dar;originál;DEF;olej;Slovenská národná galéria, SNG;maliarstvo;"vpravo dole: 1972; vľavo dole: Fulla";figurálna kompozícia
Fulla, Ľudovít;1974;20. storočie, 2. polovica, 1974;;;;;OP 66;;Bajcurová, Katarína;plátno;"výška 77.0 cm; šírka 90.0 cm";1.1.1977;Zimné ticho;Zimné ticho;SNG;SVK:SNG.OP_66;POZN: ;66;dar;originál;DEF;olej;Slovenská národná galéria, SNG;maliarstvo;vpravo dole: Fulla 1974;krajina s architektonickým motívom
Fulla, Ľudovít;1976;20. storočie, 2. polovica, 1976;;;;;OP 68;;Bajcurová, Katarína;plátno;"výška 149.0 cm; šírka 90.0 cm";1.1.1977;Otčenáš;Otčenáš;SNG;SVK:SNG.OP_68;POZN: ;68;dar;originál;DEF;olej;Slovenská národná galéria, SNG;maliarstvo;"vľavo dole: Fulla; vpravo dole: jún 1976; v strede: Na pamiatku mojej milovanej manželke Anuške";figurálna kompozícia
Fulla, Ľudovít;1974;20. storočie, 2. polovica, 1974;;;;;OP 69;;Bajcurová, Katarína;plátno;"výška 90.0 cm; šírka 110.0 cm";1.1.1977;Cestou na trh;Cestou na trh;SNG;SVK:SNG.OP_69;POZN: ;69;dar;originál;DEF;olej;Slovenská národná galéria, SNG;maliarstvo;"v obraze: 1974; vpravo dole: Fulla";figurálna kompozícia
Fulla, Ľudovít;1973;20. storočie, 2. polovica, 1973;;;;;OP 70;;Bajcurová, Katarína;plátno;"výška 100.0 cm; šírka 130.0 cm";1.1.1977;Na ľade;Na ľade;SNG;SVK:SNG.OP_70;POZN: ;70;dar;originál;DEF;olej;Slovenská národná galéria, SNG;maliarstvo;v obraze v hornej polovici sprava: Fulla 1973;figurálna kompozícia
Fulla, Ľudovít;1976;20. storočie, 2. polovica, 1976;;;;;OP 71;;Bajcurová, Katarína;plátno;"výška 90.0 cm; šírka 110.0 cm";1.1.1977;Spomienka na rodný domček;Spomienka na rodný domček;SNG;SVK:SNG.OP_71;POZN: ;71;dar;originál;DEF;olej;Slovenská národná galéria, SNG;maliarstvo;vpravo dole: Fulla 1976;imaginatívna kompozícia
Fulla, Ľudovít;1972;20. storočie, 2. polovica, 1972;;;;;OP 72;;Bajcurová, Katarína;plátno;"výška 61.0 cm; šírka 76.0 cm";1.1.1977;Mesačná noc;Mesačná noc;SNG;SVK:SNG.OP_72;POZN: ;72;dar;originál;DEF;olej;Slovenská národná galéria, SNG;maliarstvo;vpravo dole: Fulla;krajina s architektonickým motívom
Fulla, Ľudovít;1972;20. storočie, 2. polovica, 1972;;;;;OP 73;;Bajcurová, Katarína;plátno;"výška 61.0 cm; šírka 100.0 cm";1.1.1977;Zátišie s mlynkom;Zátišie s mlynkom;SNG;SVK:SNG.OP_73;POZN: ;73;dar;originál;DEF;olej;Slovenská národná galéria, SNG;maliarstvo;vpravo dole: Fulla 1972;zátišie
Fulla, Ľudovít;1973;20. storočie, 2. polovica, 1973;;;;;OP 74;;Bajcurová, Katarína;plátno;"výška 120.0 cm; šírka 150.0 cm";1.1.1977;Sen na salaši;Sen na salaši;SNG;SVK:SNG.OP_74;POZN: ;74;dar;originál;DEF;olej;Slovenská národná galéria, SNG;maliarstvo;vpravo dole: Fulla 1973;figurálna kompozícia
Fulla, Ľudovít;1973;20. storočie, 2. polovica, 1973;;;;;OP 75;;Bajcurová, Katarína;plátno;"výška 90.0 cm; šírka 105.0 cm";1.1.1977;Klauni;Klauni;SNG;SVK:SNG.OP_75;POZN: ;75;dar;originál;DEF;olej;Slovenská národná galéria, SNG;maliarstvo;vpravo dole: ;imaginatívna kompozícia
Fulla, Ľudovít;1959 - 1979;20. storočie, 2. polovica, 1969 okolo;;;;;OP 76;;Bajcurová, Katarína;plátno;"výška 212.0 cm; šírka 132.0 cm";1.1.1977;Cyril a Metod;Cyril a Metod;SNG;SVK:SNG.OP_76;POZN: ;76;dar;originál;DEF;olej;Slovenská národná galéria, SNG;maliarstvo, obraz závesný;vpravo dole: Fulla;figurálna kompozícia
Fulla, Ľudovít;1955;20. storočie, 2. polovica, 1955;;;;;UP-P 715;;Poláčková, Dagmar;papier;"výška 70.0 cm; šírka 48.5 cm";18.1.1963;Výtvarníci k 10. výročiu oslobodenia;Výtvarníci k 10. výročiu oslobodenia;SNG;SVK:SNG.UP-P_715;POZN: ;497;prevod;reprodukcia;DEF;tlač;Slovenská národná galéria, SNG;úžitkové umenie, dizajn grafický, plagát;vpravo dole: Fulla;
Fulla, Ľudovít;1962;20. storočie, 2. polovica, 1962;;plagát k výstave;;;UP-P 823;;Poláčková, Dagmar;papier;"výška 65.0 cm; šírka 49.0 cm";1.1.1963;Fulla;Fulla;SNG;SVK:SNG.UP-P_823;POZN: ;497;prevod;odtlačok;DEF;ofsetová tlač;Slovenská národná galéria, SNG;úžitkové umenie, dizajn grafický, plagát;SNG Bratislava, apríl-máj 1962, ZT;
Fulla, Ľudovít;1930;20. storočie, 1. polovica, 1930;;;;;UP-P 873;;Poláčková, Dagmar;papier;"výška 95.0 cm; šírka 63.0 cm";24.6.1963;Výstava - Fulla - Galanda;Výstava - Fulla - Galanda | Fulla and Galanda Exhibition  (Preklad názvu);SNG;SVK:SNG.UP-P_873;"POZN: 

LIT:
Nové Slovensko : (ťažký) zrod moderného životného štýlu 1918 - 1949 = New Slovakia : (difficult) birth of the modern lifestyle 1918 - 1949. Bratislava : SNG, 2011, 266.";500;prevod;odtlačok;DEF;kníhtlač;Slovenská národná galéria, SNG;úžitkové umenie, dizajn grafický, plagát;"v strede: LF; Východoslovenské múzeum Košice jún 1930";
Fulla, Ľudovít;1930;20. storočie, 1. polovica, 1930;;plagát k výstave;;;UP-P 884;;Poláčková, Dagmar;papier;"výška 62.5 cm; šírka 94.5 cm";24.6.1963;Výstava moderného umeleckého priemyslu;Výstava moderného umeleckého priemyslu | Exhibition of Modern Industrial Design in Košice (Preklad názvu);SNG;SVK:SNG.UP-P_884;POZN: ;500;prevod;odtlačok;DEF;ofsetová tlač;Slovenská národná galéria, SNG;úžitkové umenie, dizajn grafický, plagát;Východoslovenské múzeum Košice,  apríl-máj 1930,  Slovenská grafia Bratislava;
Fulla, Ľudovít;1938;20. storočie, 1. polovica, 1938;1.1.1973;plagátov k výstave;;;UP-P 2070/67;12. NK;Poláčková, Dagmar;papier;"výška 93.0 cm; šírka 31.0 cm";1.1.1973;Národopisná výstava v Turčianskom svätom Martine;Národopisná výstava v Turčianskom svätom Martine;SNG;SVK:SNG.UP-P_2070-67;POZN: Úhrnná cena za P 2070.;1320;kúpa;reprodukcia;;ofsetová tlač;Slovenská národná galéria, SNG;úžitkové umenie, dizajn grafický, plagát;"vpravo: Fulla,  Ofset Manch. Bratislava; 10.7.-31.8.38";
Fulla, Ľudovít;1929;20. storočie, 1. polovica, 1929;19.11.2009;;;;UP-P 3272;Komisia na tvorbu zbierok pre úžitkové umenie, dizajn a architektúru - 2009;Poláčková, Dagmar;"kartón; papier";"výška 21.0 cm; šírka 13.0 cm";;Demontáž;Demontáž | Dismantling (Preklad názvu);SNG;SVK:SNG.UP-P_3272;"LIT:
Nové Slovensko : (ťažký) zrod moderného životného štýlu 1918 - 1949 = New Slovakia : (difficult) birth of the modern lifestyle 1918 - 1949. Bratislava : SNG, 2011, 266.";66/2009;kúpa;originál;DEF;tlač;;úžitkové umenie, dizajn grafický;neznačené;
Fulla, Ľudovít;1946 - 1966;1956;19.11.2009;;;;UP-P 3273;Komisia na tvorbu zbierok pre úžitkové umenie, dizajn a architektúru - 2009;Poláčková, Dagmar;papier;"výška 16.0 cm; šírka 18.0 cm; výška 17.8 cm; šírka 9.5 cm; výška 26.0 cm; šírka 34.0 cm";;Kurínček a Šaškovia;Kurínček a Šaškovia;SNG;SVK:SNG.UP-P_3273;;67/2009;kúpa;originál;DEF;tlač;;úžitkové umenie, dizajn;;
Fulla, Ľudovít;1932 - 1952;20. storočie, 1. polovica, 1942;19.11.2009;;;;UP-P 3275;Komisia na tvorbu zbierok pre úžitkové umenie, dizajn a architektúru - 2009;Poláčková, Dagmar;papier;"výška 10.5 cm; šírka 14.7 cm";;Pohľadnice podľa pôvodných drevorezov I. - V.;Pohľadnice podľa pôvodných drevorezov I. - V.;SNG;SVK:SNG.UP-P_3275;;69/2009;kúpa;originál;DEF;tlač;;grafika, úžitková, pohľadnica;Vpravo dole: LF;
Fulla, Ľudovít;1960 - 1980;1970;19.11.2009;;;;UP-P 3276;Komisia na tvorbu zbierok pre úžitkové umenie, dizajn a architektúru - 2009;Poláčková, Dagmar;papier;"Hárok: výška 34.6 cm, šírka 20.0 cm; Známky: výška 4.8 cm, šírka 3.0 cm";;Poštové známky podľa ilustrácií slovenských rozprávok Ľ. Fullu;Poštové známky podľa ilustrácií slovenských rozprávok Ľ. Fullu;SNG;SVK:SNG.UP-P_3276;;70/2009;kúpa;originál;DEF;tlač;;úžitkové umenie;V strede hárku: Ľudo Fulla;
Fulla, Ľudovít;1970 - 1975;1970-1975;19.11.2009;;;;UP-P 3277;Komisia na tvorbu zbierok pre úžitkové umenie, dizajn a architektúru - 2009;Poláčková, Dagmar;papier;"výška 9.5 cm; šírka 13.0 cm";;Etiketa na víno;Etiketa na víno;SNG;SVK:SNG.UP-P_3277;;71/2009;kúpa;originál;DEF;tlač;;úžitkové umenie;V strede: L. Fulla;
